Roman Entry,Greek Entry
abracadabra,ἀβρασάδαβρα
aeidein,ἀείδειν
aera,αέρα
agein,ἄγειν
agreein,ἀγρέειν
ale,ἄλη
allagion,ἀλλάγιον
allos,ἄλλος
almenichiaka,ἀλμενιχιακά
aloe,ἀλόη
alphabet,ἀλφαβήτου
amelgein,ᾰ̓μέλγειν
ammoniakon,ἀμμωνιακόν
amomon,ἄμωμον
amphitheatron,ἀμφῐθέᾱτρον
amylon,ἄμυλον
ana,ἀνά
anatomia,ἀνατομία
androlempsia,ἀνδρολημψία
andros,ἀνδρός
ankos,ἄγκος
anodos,ἄνοδος
antholops,ἀνθόλοψ
anthos,ἄνθος
apokalyptikos,ἀποκαλυπτικός
apokrypsos,ἀπόκρυφος
apsintheon,ἀψίνθιον
archaikos,ἀρχαϊκός
archaismos,ἀρχαϊσμός
archi,ἀρχι
arche,ἀρχή
archeion,ἀρχεῖον
archetypon,ἀρχέτυπον
argon,ἀργόν
arithmetike,ἀριθμητική
arktikos,ἀρκτικός
aroma,ἄρωμα
asparagos,ἀσπάραγος
asteroides,ἀστεροειδής
astrolabon,ἀστρολᾰ́βον
atheos,ἄθεος
atlas,Ἅτλας
auto,αὐτώ
automaton,αὐτόματον
autos,αὐτός
bainein,βαίνειν
balaneion,βαλανεῖον
ballein,βάλλειν
ballizein,βαλλίζειν
baris,βᾶρις
basilike,βασιλική
batos,βάτος
bema,βῆμα
beta,βῆτα
biblia,βιβλία
bikion,βῐκίον
bios,βίος
bronchos,βρόγχος
bursinon,βύρσινος
byssos,βύσσος
chaos,χάος
chei,χεῖ
cheilioi,χείλιοι
cheir,χείρ
choreios,χορεῖος
choros,χορός
chroma,χρῶμα
chronika,χρονικά
deigma,δείγμα
deka,δέκα
demotikos,δημοτικός
dephein,δέφειν
diaballein,διαβάλλειν
diabetes,διαβήτης
diadochoi,διάδοχοι
dialektike,δῐᾰλεκτῐκή
diapason,διαπᾱσῶν
docheion,δοχεῖον
dodecahedron,δωδεκάεδρον
doma,δῶμα
dorikos,Δωρικός
doron,δῶρον
doukas,δούκας
doylos,δούλος
dragoymanos,δραγουμάνος
drama,δρᾶμα
dyo,δύο
dzingiberis,ζιγγίβερις
ebraikos,Ἑβραϊκός
edein,ἔδειν
eilein,εἰλεῖν
elaion,ἔλαιον
elastikos,ἐλαστικός
elephanta,ἐλέφαντα
embolon,ἔμβολον
en,ἐν
enkomma,ἔγκομμα
entoma,ἔντομα
enzymos,ἔνζυμος
epeisodion,ἐπεισόδιον
epi,ἐπί
epigonoi,ἐπίγονοι
epikarsion,ἐπικάρσιον
epikomion,ἐπικώμιον
episkopos,ἐπίσκοπος
ergon,ἔργον
essenoi,Ἐσσηνοί
eu,εὖ
euazein,εὐᾰ́ζειν
examiton,ἑξάμιτον
galakt,γάλακτ
gennaios,γενναῖος
geo,γεω
geranion,γεράνιον
geronto,γεροντο
gleukos,γλεῦκος
gluphein,γλῠ́φειν
glyphein,γλῠ́φειν
gnosis,γνῶσις
grammai,γρᾰμμαί
grammatike,γρᾰμμᾰτῐκή
graphein,γράφειν
grapheion,γραφεῖον
graphike,γρᾰφῐκή
halos,ἅλως
hals,ἅλς
helix,ἕλιξ
hermes,Ἑρμῆς
heroikos,ἡρωϊκός
hierarchia,ἱεραρχία
hieroglyphika,ἱερογλυφικάs
holos,ὅλος
homos,ὁμός
hormon,ὁρμῶν
hospition,ὁσπίτιον
hybris,ὕβρις
hymenaios,ὑμέναιος
hypochondria,ῠ̔ποχόνδρῐᾰ
iamnia,Ἰάμνια
ichthys,ἰχθύς
idiotes,ἰδιώτης
idiosynkrasia,ἰδιοσυγκρασία
indikon,ἰνδικὸν
ion,ἴον
ios,ἰός
ioudaikos,ἰουδαϊκός
ioudaios,ἰουδαῖος
isos,ἴσος
iteinon,ῑ̓τέϊνον
kadmos,Κάδμος
kaisar,Καῖσαρ
kalos,καλός
kalpe,κάλπη
kalyptein,καλύπτειν
kandaros,κάνδαρος
kanna,κάννα
karron,κάρρον
kata,κατά
kaukasis,Καύκασις
kebos,κῆβος
keisthai,κεῖσθαι
kelainon,κελαινόν
kelon,κήλων
kentron,κέντρον
keras,κέρας
kerbikarion,κερβικάριον
kinein,κῑνεῖν
kinklis,κίγκλις
klan,κλᾶν
kleida,κλεῖδα
kleros,κλῆρος
klibanos,κλίβανος
klimax,κλῖμαξ
koiman,κοιμᾶν
kolias,κολίας
kolla,κόλλα
kollybon,κόλλυβον
kollyrion,κολλυρίων
kolon,κόλον
kome,κόμη
kometes,κομήτης
kommi,κόμμι
komos,κῶμος
konche,κόγχη
konditon,κονδῖτον
konis,κόνις
konopeion,κωνωπεῖον
konos,κῶνος
kontos,κοντός
kopis,κοπίς
koros,κόρος
kosmetike,κοσμητική
koukkoumion,κουκκούμιον
kuein,κῠ́ειν
krinein,κρίνειν
kritike,κριτική
krypton,κρῠπτόν
kylindein,κῠλίνδειν
lampas,λαμπάς
larynx,λάρυγξ
ledon,λῆδον
legein,λέγειν
leukoion,λευκόιον
lexikon,λεξικόν
logike,λογῐκή
logistike,λογιστική
lonche,λόγχη
loukanika,λουκάνικα
loxon,λοξόν
marra,μᾰ́ρρᾰ
magnesia,μαγνησία
magnetis,μαγνῆτις
makro,μακρο
malakia,μαλακία
mammonas,μαμμωνᾶς
manganon,μάγγανον
mania,μανία
marsypion,μαρσύπιον
mathematike,μαθηματική
mausoleion,Μαυσωλεῖον
maza,μᾶζα
mazonomos,μαζονόμος
mechanika,μηχανικά
medousa,Μέδουσα
megalo,μεγάλο
melancholia,μελαγχολία
melopenon,μηλοπέπων
melos,μέλος
meteoron,μετέωρον
methy,μέθυ
metrikos,μετρικός
metron,μέτρον
mikron,μῑκρόν
mimos,μίμος
minthe,μίνθη
monarchia,μοναρχία
mono,μονό
monochordon,μονόχορδον
monogrammon,μονόγραμμον
monologos,μονόλογος
moschos,μόσχος
mousa,Μοῦσα
mouseion,μουσεῖον
moychla,μοῦχλα
mullos,μύλλος
mythos,μῦθος
nanos,νᾶνος
naphtha,νάφθα
napu,νᾶπυ
nardinon,νάρδῐνον
narkotikon,ναρκωτῐκόν
nema,νῆμα
neos,νέος
neuron,νεῦρον
nomike,νομῐκή
nomos,νόμος
notarikon,νοταρικόν
ode,ᾠδή
odon,ὀδών
oinos,οἶνος
oktaedron,ὀκτάεδρον
onkinos,ὄγκινος
opion,ὄπιον
opos,ὀπός
optos,ὀπτός
ora,ὥρα
orion,Ὠρίων
osme,ὀσμή
ou,οὐ
ounkia,οὐγκιά
ozein,ὄζειν
pais,παῖς
palaistine,παλαιστίνη
palios,παλιός
pandoura,πανδοῦρα
panikon,πᾱνῐκόν
pankreas,πάγκρεας
pantheion,πάνθειον
paradoxon,πᾰρᾰ́δοξον
parallelogrammon,παραλληλόγραμμον
paranoia,παράνοια
parodia,παρῳδία
paros,πάρος
pausis,παῦσις
paxamas,παξαμᾶς
pedon,πέδον
pegma,πῆγμα
peirein,πείρειν
peisis,πεῖσις
penta,πεντα
pentagonon,πεντάγωνον
peperi,πέπερι
pepton,πεπτόν
perimetros,περίμετρος
periodos,περίοδος
peristomion,περιστόμιον
pessein,πέσσειν
petannunai,πεταννύναι
phainein,φαίνειν
phainomenon,φαινόμενον
phakelos,φάκελος
phanos,φανός
phantastikos,φανταστικός
phluein,φλύειν
phoinix,φοῖνιξ
phone,φωνή
phono,φωνο
photo,φωτο
phukos,φύκος
phyllon,φύλλον
phykos,φύκος
physike,φυσική
plagkton,πλαγκτόν
plateia,πλᾰτεῖᾰ
pneuma,πνεύμα
poietike,ποιητῐκή
poly,πολύ
polyedron,πολύεδρον
polyglottos,πολύγλωττος
polypous,πολύπους
posis,πόσις
pro,πρό
proto,πρωτο
proton,πρῶτον
pseudonymon,ψευδώνῠμον
pteron,πτερόν
ptoma,πτῶμα
pyr,πῦρ
python,πύθων
retine,ῥητίνη
rhapsodia,ῥαψῳδία
rhein,ῥεῖν
rheos,ῥέος
rhetine,ῥητίνη
rhetor,ῥήτωρ
rhetorike,ρητορική
rheumatismos,ῥευματισμός
rhythmikos,ῥυθμικός
rinokeros,ῥινόκερως
riza,ῥίζα
rododaphne,ροδοδάφνη
rodon,ῥόδον
rombos,ῥόμβος
rykane,ῥυκάνη
sakcharon,σάκχαρον
salpinx,σάλπιγξ
schema,σχῆμα
schizein,σχῐ́ζειν
sema,σῆμα
semeion,σημεῖον
seres,Σῆρες
sinai,Σῖναι
skandalon,σκάνδαλον
skeleton,σκελετόν
skopion,σκόπιον
skopein,σκοπεῖν
smeri,σμερί
smo,σμῶ
souson,σοῦσον
speira,σπείρα
sphaira,σφαῖρα
sphinx,σφίγξ
sphongos,σφόγγος
stenos,στενός
stephein,στέφειν
stethos,στῆθος
stoa,στοά
stoikos,στωϊκός
strobilos,στρόβιλος
stypos,στύπος
sym,συμ
sympherein,συμφέρειν
symphonon,σύμφωνον
synchronos,σύνχρονος
synkope,συγκοπή
synkretismos,συγκρητισμός
synodos,σύνοδος
sys,σῦς
systema,σύστημα
taktika,τακτικά
taos,ταώς
tauros,ταύρος
teichos,τεῖχος
tektonike,τεκτονική
tetra,τετρα
tetragonon,τετράγωνον
thakos,θᾶκος
theodoros,Θεόδωρος
theologia,θεολογία
thermos,θερμός
thērmos,θέρμος
thomas,Θωμᾶς
tiara,τιάρα
titanes,Τιτάνες
toxikon,τοξικόν
tragoidia,τραγῳδία
treein,τρέειν
trephein,τρέφειν
tromos,τρόμος
tropos,τρόπος
typhon,τυφῶν
veikos,νεῖκος
xenos,ξένος
xylon,ξύλον
zoon,ζῷον
zingiberis,ζιγγίβερις
